{
	"axis_max" : 0.0012866264587501064,
	"axis_min" : -0.0008720583573449403,
	"bounding_polygon" : 
	[
		[ 0.00019156394845952691, 0.0, 0.0013073595252188265 ],
		[ 0.00022506325057487997, 0.0, 0.00097226886310576262 ],
		[ -0.00013375062875800109, 0.0, 0.00093639793090081417 ],
		[ -0.00016724993087335416, 0.0, 0.0012714885930138779 ]
	],
	"class_name" : "SelectionPolygonVolume",
	"orthogonal_axis" : "Y",
	"version_major" : 1,
	"version_minor" : 0
}