{
	"axis_max" : 0.0014888662844896317,
	"axis_min" : -0.00074443314224481583,
	"bounding_polygon" : 
	[
		[ 0.00022322619517481973, 0.0, 0.0012551622136385296 ],
		[ 0.00022322619517481973, 0.0, 0.001681308604961863 ],
		[ -0.00046926166688678289, 0.0, 0.001681308604961863 ],
		[ -0.00046926166688678289, 0.0, 0.0012551622136385296 ]
	],
	"class_name" : "SelectionPolygonVolume",
	"orthogonal_axis" : "Y",
	"version_major" : 1,
	"version_minor" : 0
}